{
  "image_id": "img_02bf6269a2",
  "filename": "Healthy(107).jpg",
  "feature_vector": [
    0.535109,
    0.384582,
    0.457948,
    0.421081,
    0.119568,
    0.037265,
    0.858972
  ],
  "feature_values": {
    "brightness": 0.535109,
    "green_ratio": 0.384582,
    "hue_mean": 0.457948,
    "saturation_mean": 0.421081,
    "edge_density": 0.119568,
    "color_variance": 0.037265,
    "entropy": 0.858972
  },
  "diagnostics": {
    "masked_gray_pixels": 16384.0,
    "masked_rgb_pixels": 16384.0,
    "nonzero_edge_pixels": 1959.0
  },
  "preprocess_metadata": {
    "original_shape": [
      480,
      640,
      3
    ],
    "resized_shape": [
      128,
      128,
      3
    ],
    "grayscale_shape": [
      128,
      128
    ],
    "hsv_shape": [
      128,
      128,
      3
    ],
    "normalized_min": 0.003921568859368563,
    "normalized_max": 0.9803921580314636
  },
  "segmentation": {
    "leaf_area_ratio": 1.0,
    "contour_count": 1,
    "used_fallback": false,
    "success": true
  },
  "symptom_analysis": {
    "abnormal_color_score": 0.16302442363664216,
    "symptom_region_ratio": 0.022522
  }
}