{
  "image_id": "img_b5749252af",
  "filename": "Healthy_2_.jpg",
  "feature_vector": [
    0.499929,
    0.470638,
    0.276194,
    0.542701,
    0.294345,
    0.062217,
    0.932491
  ],
  "feature_values": {
    "brightness": 0.499929,
    "green_ratio": 0.470638,
    "hue_mean": 0.276194,
    "saturation_mean": 0.542701,
    "edge_density": 0.294345,
    "color_variance": 0.062217,
    "entropy": 0.932491
  },
  "diagnostics": {
    "masked_gray_pixels": 16321.0,
    "masked_rgb_pixels": 16321.0,
    "nonzero_edge_pixels": 4804.0
  },
  "preprocess_metadata": {
    "original_shape": [
      480,
      640,
      3
    ],
    "resized_shape": [
      128,
      128,
      3
    ],
    "grayscale_shape": [
      128,
      128
    ],
    "hsv_shape": [
      128,
      128,
      3
    ],
    "normalized_min": 0.0,
    "normalized_max": 0.9960784316062927
  },
  "segmentation": {
    "leaf_area_ratio": 0.99615478515625,
    "contour_count": 1,
    "used_fallback": false,
    "success": true
  },
  "symptom_analysis": {
    "abnormal_color_score": 0.42653432183485485,
    "symptom_region_ratio": 0.048098
  }
}